<root>
<demos>
    <demo01>
        <pages>
            <item>about-porto-2</item>
            <item>no-route-2</item>
            <item>porto_home_1</item>
        </pages>
        <blocks>
            <item>porto_homeslider_1_new</item>
            <item>porto_footer_middle_1_for_1</item>
            <item>porto_footer_middle_2_for_1</item>
            <item>porto_footer_middle_3_for_1</item>
            <item>porto_footer_middle_4_for_1</item>
            <item>porto_footer_bottom_custom_block</item>
            <item>porto_custom_menu</item>
            <item>porto_custom_menu_mobile</item>
            <item>porto_left_side_category</item>
            <item>porto_product_right_side_1</item>
            <item>porto_product_right_side_2</item>
            <item>porto_custom_tab</item>
            <item>porto_fashion_category_banner</item>
            <item>porto_custom_block_product_for_demo1</item>
        </blocks>
    </demo01>
    <demo02>
        <pages>
            <item>about-porto</item>
            <item>no-route-2</item>
            <item>porto_home_2_new</item>
        </pages>
        <blocks>
            <item>porto_homeslider_2_new</item>
            <item>porto_custom_block_for_header</item>
            <item>porto_footer_middle_1_for_2_new</item>
            <item>porto_footer_middle_2_for_2_new</item>
            <item>porto_custom_menu</item>
            <item>porto_custom_menu_mobile</item>
            <item>porto_left_side_category</item>
            <item>porto_product_right_side_1</item>
            <item>porto_product_right_side_2</item>
            <item>porto_custom_block_product_for_demo2</item>
            <item>porto_custom_block_product_tab_for_demo2</item>
            <item>porto_custom_tab</item>
            <item>porto_fashion_category_banner</item>
        </blocks>
    </demo02>
    <demo03>
        <pages>
            <item>about-porto</item>
            <item>no-route-2</item>
            <item>porto_home_3_new</item>
        </pages>
        <blocks>
            <item>porto_homeslider_3_new</item>
            <item>porto_custom_block_for_header_home3</item>
            <item>porto_footer_top_1_for_5</item>
            <item>porto_footer_middle_1_for_5</item>
            <item>porto_footer_middle_2_for_5</item>
            <item>porto_custom_menu</item>
            <item>porto_custom_menu_mobile</item>
            <item>porto_left_side_category</item>
            <item>porto_product_right_side_1</item>
            <item>porto_product_right_side_2</item>
            <item>porto_custom_tab</item>
            <item>porto_fashion_category_banner</item>
        </blocks>
    </demo03>
    <demo04>
        <pages>
            <item>about-porto</item>
            <item>no-route-2</item>
            <item>porto_home_4</item>
        </pages>
        <blocks>
            <item>porto_homeslider_4</item>
            <item>porto_custom_block_for_header_home4</item>
            <item>porto_footer_middle_1_for_4</item>
            <item>porto_footer_middle_2_for_4</item>
            <item>porto_custom_menu</item>
            <item>porto_custom_menu_mobile</item>
            <item>porto_left_side_category</item>
            <item>porto_product_right_side_1</item>
            <item>porto_product_right_side_2</item>
            <item>porto_custom_tab</item>
            <item>porto_fashion_category_banner</item>
        </blocks>
    </demo04>
    <demo05>
        <pages>
            <item>about-porto</item>
            <item>no-route-2</item>
            <item>porto_home_5</item>
        </pages>
        <blocks>
            <item>porto_homeslider_5</item>
            <item>porto_custom_block_for_header_home5</item>
            <item>porto_footer_top_1_for_5</item>
            <item>porto_footer_middle_1_for_5</item>
            <item>porto_footer_middle_2_for_5</item>
            <item>porto_custom_menu</item>
            <item>porto_custom_menu_mobile</item>
            <item>porto_left_side_category</item>
            <item>porto_product_right_side_1</item>
            <item>porto_product_right_side_2</item>
            <item>porto_custom_tab</item>
            <item>porto_fashion_category_banner</item>
        </blocks>
    </demo05>
    <demo06>
        <pages>
            <item>about-porto</item>
            <item>no-route-2</item>
            <item>porto_home_6</item>
        </pages>
        <blocks>
            <item>porto_custom_block_for_header_home5</item>
            <item>porto_footer_middle_1_for_4</item>
            <item>porto_footer_middle_2_for_4</item>
            <item>porto_footer_bottom_custom_block_demo4</item>
            <item>porto_custom_menu</item>
            <item>porto_custom_menu_mobile</item>
            <item>porto_left_side_category</item>
            <item>porto_product_right_side_1</item>
            <item>porto_product_right_side_2</item>
            <item>porto_custom_tab</item>
            <item>porto_fashion_category_banner</item>
        </blocks>
    </demo06>
    <demo07>
        <pages>
            <item>about-porto</item>
            <item>no-route-2</item>
            <item>porto_home_7</item>
        </pages>
        <blocks>
            <item>porto_homeslider_7</item>
            <item>porto_custom_block_for_header</item>
            <item>porto_footer_links</item>
            <item>porto_footer_contact_information</item>
            <item>porto_footer_features</item>
            <item>porto_footer_bottom_custom_block</item>
            <item>porto_custom_menu</item>
            <item>porto_custom_menu_mobile</item>
            <item>porto_left_side_category</item>
            <item>porto_product_right_side_1</item>
            <item>porto_product_right_side_2</item>
            <item>porto_custom_tab</item>
            <item>porto_fashion_category_banner</item>
        </blocks>
    </demo07>
    <demo08>
        <pages>
            <item>about-porto</item>
            <item>no-route-2</item>
            <item>porto_home_8</item>
        </pages>
        <blocks>
            <item>porto_homeslider_8</item>
            <item>porto_custom_block_for_header_home5</item>
            <item>porto_footer_links</item>
            <item>porto_footer_features</item>
            <item>porto_footer_newsletter</item>
            <item>porto_footer_contact_information</item>
            <item>porto_footer_bottom_block</item>
            <item>porto_custom_menu</item>
            <item>porto_custom_menu_mobile</item>
            <item>porto_left_side_category</item>
            <item>porto_product_right_side_1</item>
            <item>porto_product_right_side_2</item>
            <item>porto_custom_tab</item>
            <item>porto_fashion_category_banner</item>
        </blocks>
    </demo08>
    <demo09>
        <pages>
            <item>about-porto</item>
            <item>no-route-2</item>
            <item>porto_home_9</item>
        </pages>
        <blocks>
            <item>porto_homeslider_9</item>
            <item>porto_custom_block_for_header_home5</item>
            <item>porto_footer_contact_information</item>
            <item>porto_footer_links</item>
            <item>porto_footer_features</item>
            <item>porto_footer_newsletter</item>
            <item>porto_footer_bottom_block</item>
            <item>porto_custom_menu</item>
            <item>porto_custom_menu_mobile</item>
            <item>porto_left_side_category</item>
            <item>porto_product_right_side_1</item>
            <item>porto_product_right_side_2</item>
            <item>porto_custom_tab</item>
            <item>porto_fashion_category_banner</item>
        </blocks>
    </demo09>
    <demo10>
        <pages>
            <item>about-porto</item>
            <item>no-route-2</item>
            <item>porto_home_10</item>
        </pages>
        <blocks>
            <item>porto_homeslider_10</item>
            <item>porto_custom_block_for_header</item>
            <item>porto_footer_links</item>
            <item>porto_footer_contact_information</item>
            <item>porto_footer_features</item>
            <item>porto_footer_bottom_custom_block</item>
            <item>porto_custom_menu</item>
            <item>porto_custom_menu_mobile</item>
            <item>porto_left_side_category</item>
            <item>porto_product_right_side_1</item>
            <item>porto_product_right_side_2</item>
            <item>porto_custom_tab</item>
            <item>porto_fashion_category_banner</item>
        </blocks>
    </demo10>
    <demo11>
        <pages>
            <item>about-porto</item>
            <item>no-route-2</item>
            <item>porto_home_11</item>
        </pages>
        <blocks>
            <item>porto_homeslider_11</item>
            <item>porto_custom_block_for_header</item>
            <item>porto_footer_links</item>
            <item>porto_footer_contact_information</item>
            <item>porto_footer_features</item>
            <item>porto_footer_bottom_custom_block</item>
            <item>porto_custom_menu</item>
            <item>porto_custom_menu_mobile</item>
            <item>porto_left_side_category</item>
            <item>porto_product_right_side_1</item>
            <item>porto_product_right_side_2</item>
            <item>porto_custom_tab</item>
            <item>porto_fashion_category_banner</item>
        </blocks>
    </demo11>
    <demo12>
        <pages>
            <item>about-porto</item>
            <item>no-route-2</item>
            <item>porto_home_12</item>
        </pages>
        <blocks>
            <item>porto_homeslider_12</item>
            <item>porto_custom_block_for_header_home12</item>
            <item>porto_custom_block_for_header_type_10</item>
            <item>porto_footer_top_custom_block_home12</item>
            <item>porto_footer_middle_column1_home12</item>
            <item>porto_footer_links</item>
            <item>porto_footer_contact_information</item>
            <item>porto_footer_features</item>
            <item>porto_footer_bottom_custom_block</item>
            <item>porto_custom_menu</item>
            <item>porto_custom_menu_mobile</item>
            <item>porto_left_side_category</item>
            <item>porto_product_right_side_1</item>
            <item>porto_product_right_side_2</item>
            <item>porto_custom_tab</item>
            <item>porto_fashion_category_banner</item>
        </blocks>
    </demo12>
    <demo13>
        <pages>
            <item>about-porto</item>
            <item>no-route-2</item>
            <item>porto_home_13</item>
        </pages>
        <blocks>
            <item>porto_homeslider_13</item>
            <item>porto_custom_block_for_header</item>
            <item>porto_footer_top_custom_block_home13</item>
            <item>porto_footer_links</item>
            <item>porto_footer_contact_information</item>
            <item>porto_footer_features</item>
            <item>porto_footer_bottom_custom_block</item>
            <item>porto_custom_menu</item>
            <item>porto_custom_menu_mobile</item>
            <item>porto_left_side_category</item>
            <item>porto_product_right_side_1</item>
            <item>porto_product_right_side_2</item>
            <item>porto_custom_tab</item>
            <item>porto_fashion_category_banner</item>
        </blocks>
    </demo13>
    <demo14>
        <pages>
            <item>about-porto</item>
            <item>no-route-2</item>
            <item>porto_home_14</item>
        </pages>
        <blocks>
            <item>porto_homeslider_14</item>
            <item>porto_custom_block_for_header</item>
            <item>porto_footer_about_porto</item>
            <item>porto_footer_featured_products</item>
            <item>porto_footer_middle_twitter_widget</item>
            <item>porto_footer_2nd_row_shop</item>
            <item>porto_footer_2nd_row_popular_tags</item>
            <item>porto_footer_2nd_row_myaccount</item>
            <item>porto_footer_2nd_row_contact_information</item>
            <item>porto_footer_bottom_custom_block</item>
            <item>porto_custom_menu</item>
            <item>porto_custom_menu_mobile</item>
            <item>porto_left_side_category</item>
            <item>porto_product_right_side_1</item>
            <item>porto_product_right_side_2</item>
            <item>porto_custom_tab</item>
            <item>porto_fashion_category_banner</item>
        </blocks>
    </demo14>
    <demo15>
        <pages>
            <item>about-porto</item>
            <item>no-route-2</item>
            <item>porto_home_15</item>
        </pages>
        <blocks>
            <item>porto_homeslider_15</item>
            <item>porto_custom_block_for_header</item>
            <item>porto_footer_links</item>
            <item>porto_footer_contact_information</item>
            <item>porto_footer_features</item>
            <item>porto_footer_bottom_custom_block</item>
            <item>porto_custom_menu</item>
            <item>porto_custom_menu_mobile</item>
            <item>porto_left_side_category</item>
            <item>porto_product_right_side_1</item>
            <item>porto_product_right_side_2</item>
            <item>porto_custom_tab</item>
            <item>porto_fashion_category_banner</item>
        </blocks>
    </demo15>
    <demo16>
        <pages>
            <item>about-porto</item>
            <item>no-route-2</item>
            <item>porto_home_16</item>
        </pages>
        <blocks>
            <item>porto_homeslider_16</item>
            <item>porto_custom_block_for_header_type12</item>
            <item>porto_footer_links</item>
            <item>porto_footer_contact_information</item>
            <item>porto_footer_features</item>
            <item>porto_footer_bottom_custom_block</item>
            <item>porto_custom_menu</item>
            <item>porto_custom_menu_mobile</item>
            <item>porto_left_side_category</item>
            <item>porto_product_right_side_1</item>
            <item>porto_product_right_side_2</item>
            <item>porto_custom_tab</item>
            <item>porto_fashion_category_banner</item>
        </blocks>
    </demo16>
    <demo17>
        <pages>
            <item>about-porto</item>
            <item>no-route-2</item>
            <item>porto_home_17</item>
        </pages>
        <blocks>
            <item>porto_homeslider_17</item>
            <item>porto_custom_block_for_header</item>
            <item>porto_footer_top_custom_block_home17</item>
            <item>porto_footer_links</item>
            <item>porto_footer_contact_information</item>
            <item>porto_footer_features</item>
            <item>porto_footer_bottom_custom_block</item>
            <item>porto_custom_menu</item>
            <item>porto_custom_menu_mobile</item>
            <item>porto_left_side_category</item>
            <item>porto_product_right_side_1</item>
            <item>porto_product_right_side_2</item>
            <item>porto_custom_tab</item>
            <item>porto_fashion_category_banner</item>
        </blocks>
    </demo17>
    <demo18>
        <pages>
            <item>about-porto</item>
            <item>no-route-2</item>
            <item>porto_home_18</item>
        </pages>
        <blocks>
            <item>porto_homeslider_18</item>
            <item>porto_custom_block_for_header</item>
            <item>porto_footer_links</item>
            <item>porto_footer_contact_information</item>
            <item>porto_footer_features</item>
            <item>porto_footer_bottom_custom_block</item>
            <item>porto_custom_menu</item>
            <item>porto_custom_menu_mobile</item>
            <item>porto_left_side_category</item>
            <item>porto_product_right_side_1</item>
            <item>porto_product_right_side_2</item>
            <item>porto_custom_tab</item>
            <item>porto_fashion_category_banner</item>
        </blocks>
    </demo18>
    <demo19>
        <pages>
            <item>about-porto</item>
            <item>no-route-2</item>
            <item>porto_home_19</item>
        </pages>
        <blocks>
            <item>porto_homeslider_19</item>
            <item>porto_custom_block_for_header_type15</item>
            <item>porto_footer_middle_1_for_19</item>
            <item>porto_footer_middle_2_for_19</item>
            <item>porto_footer_middle_3_for_19</item>
            <item>porto_footer_middle_4_for_19</item>
            <item>porto_footer_bottom_custom_block</item>
            <item>porto_custom_menu</item>
            <item>porto_custom_menu_mobile</item>
            <item>porto_left_side_category</item>
            <item>porto_product_right_side_1</item>
            <item>porto_product_right_side_2</item>
            <item>porto_custom_tab</item>
            <item>porto_fashion_category_banner</item>
        </blocks>
    </demo19>
    <demo20>
        <pages>
            <item>about-porto</item>
            <item>no-route-2</item>
            <item>porto_home_20</item>
        </pages>
        <blocks>
            <item>porto_homeslider_20</item>
            <item>porto_footer_middle_1_for_20</item>
            <item>porto_footer_middle_2_for_20</item>
            <item>porto_footer_middle_3_for_20</item>
            <item>porto_footer_middle_4_for_20</item>
            <item>porto_footer_bottom_custom_block</item>
            <item>porto_custom_menu</item>
            <item>porto_custom_menu_mobile</item>
            <item>porto_left_side_category</item>
            <item>porto_product_right_side_1</item>
            <item>porto_product_right_side_2</item>
            <item>porto_custom_tab</item>
            <item>porto_fashion_category_banner</item>
        </blocks>
    </demo20>
</demos>
</root>