<?xml version="1.0" encoding="utf-8"?>
<config>
    <acl>
        <resources>
            <admin>
                <children>
                    <system>
                        <children>
                            <config>
                                <children>
                                    <porto_design translate="title" module="porto">
                                        <title>Theme Design</title>
                                    </porto_design>
                                    <porto_settings translate="title" module="porto">
                                        <title>Theme Settings</title>
                                    </porto_settings>
                                    <porto_license translate="title" module="porto">
                                        <title>Activate Theme</title>
                                    </porto_license>
                                </children>
                            </config>
                        </children>
                    </system>
                </children>
            </admin>
        </resources>
    </acl>
</config>